series,season,Episode,Name,Air Date,vid
Begin Japanology,1,1,Bento,"April 14, 2008",n8U3AP5gvZI
Begin Japanology,1,2,Miyazawa Kenji,"April 21, 2008",ZWGzkGK72pM
Begin Japanology,1,3,Lacquerware,"April 28, 2008",8MFye9fiGp0
Begin Japanology,1,4,Rakugo,"May 5, 2008",DEXqmAJwTAk
Begin Japanology,1,5,Tsukiji Market,"May 12, 2008",1oKucOTtfV0
Begin Japanology,1,6,Yoshoku,"May 19, 2008",Kr3AfyFlPxE
Begin Japanology,1,7,Kyudo,"May 26, 2008",fySi_em9mCI
Begin Japanology,1,8,Tea Ceremony Architecture,"June 2, 2008",t6BorZiBLCc
Begin Japanology,1,9,Dagashi-ya,"June 9, 2008",rnP-WqxZ4po
Begin Japanology,1,10,Nihon Buyo,"June 16, 2008",UGzlKH2ZIaY
Begin Japanology,1,11,Abacus,"June 23, 2008",zvqLczcoaGM
Begin Japanology,1,12,Ryukyu Kimono,"June 30, 2008",wKJwpHjvR9I
Begin Japanology,1,13,Bamboo,"July 14, 2008",tZXOQnjrxaA
Begin Japanology,1,14,Shirakawa-go,"July 21, 2008",3phbLV3rmS0
Begin Japanology,1,15,Fireworks,"July 28, 2008",TO3-oX5Z73Q
Begin Japanology,1,16,Hanging scrolls,"August 17, 2008",wbLqW0cHLBs
Begin Japanology,1,17,The Tale of Genji: Part 1,"August 24, 2008",buHEGGIHA5M
Begin Japanology,1,18,The Tale of Genji: Part 2,"August 31, 2008",AxwhjLWeTOM
Begin Japanology,1,19,Matcha,"September 7, 2008",fXS2VocTmeU
Begin Japanology,1,20,Tokyo Tower,"September 14, 2008",6BYYAYviH8I
Begin Japanology,1,21,Dashi,"September 21, 2008",YnvtqoHlXnI
Begin Japanology,1,22,Oribe-yaki (pottery),"September 28, 2008",37vYpZKlXyw
Begin Japanology,1,23,The Colorful World of Utagawa Hiroshige,"October 5, 2008",ItAhv1MM2NE
Begin Japanology,1,24,The Seven Gods of Good Fortune,"October 12, 2008",JQ4V7p7hBuE
Begin Japanology,1,25,Sushi,"October 19, 2008",itnsF7cJjGM
Begin Japanology,1,26,Mikoshi (portable shrines),"October 26, 2008",xob2dXt4284
Begin Japanology,1,27,Yuzen Kimono,"November 2, 2008",GKgpvd__Bxs
Begin Japanology,1,28,Buddhist Statues,"November 9, 2008",dq5sLMVJeyg
Begin Japanology,1,29,Hot springs,"November 16, 2008",OTLoC_dH_i8
Begin Japanology,1,30,Fish,"November 23, 2008",r2YWNB2tkbQ
Begin Japanology,1,31,Tatami (straw mats),"December 1, 2008",e839VGOpl-A
Begin Japanology,1,32,Castles,"December 8, 2008",ZGGCOye9A5g
Begin Japanology,1,33,Miso,"December 15, 2008",w6DuDWzQ0jI
Begin Japanology,2,1,Nishijin-ori,"January 19, 2009",anI7ozVeDN8
Begin Japanology,2,2,Kyoto Lacquerware,"January 26, 2009",8MFye9fiGp0
Begin Japanology,2,3,Sake,"February 2, 2009",QLkuLKAdGJQ
Begin Japanology,2,4,Katsura Rikyu,"February 9, 2009",DQiOGHyq6qk
Begin Japanology,2,5,Bonsai,"February 16, 2009",v1wPXZPSAFw
Begin Japanology,2,6,The Four Seasons,"February 23, 2009",JAFWlSM7xjg
Begin Japanology,2,7,Hina Dolls,"March 2, 2009",R8PEAZyQ83c
Begin Japanology,2,8,Nagasaki,"March 9, 2009",RVbOts29z74
Begin Japanology,2,9,Five-Story Pagodas,"March 16, 2009",mBaml32Jam8
Begin Japanology,2,10,Cherry blossoms,"March 23, 2009",zboO2yaziho
Begin Japanology,2,11,Chopsticks,"April 3, 2009",FsSvVF2fPRc
Begin Japanology,2,12,Aizome,"April 10, 2009",JI2Ugy04cG4
Begin Japanology,2,13,Bunraku,"April 17, 2009",klKih8OazUI
Begin Japanology,2,14,Kiriko Cut Glass,"April 24, 2009",E5Y6fKQ8C7M
Begin Japanology,2,15,Traditional Folk Houses,"May 8, 2009",7ZWk34KXbMM
Begin Japanology,2,16,Tea Ceremony,"May 15, 2009",gKM9VfQFGWY
Begin Japanology,2,17,Soba,"May 22, 2009",screCVQbKKw
Begin Japanology,2,18,Origami,"May 29, 2009",__Abslipq3s
Begin Japanology,2,19,Imari Porcelain,"June 5, 2009",37vYpZKlXyw
Begin Japanology,2,20,Folding Fan,"June 19, 2009",XZaDH3iIPh4
Begin Japanology,2,21,Kaiseki Cuisine,"July 10, 2009",DFa7e_elUHk
Begin Japanology,2,22,The Sounds of Japan,"July 17, 2009",QmEk97i5Gy0
Begin Japanology,2,23,Masks,"July 24, 2009",RSS4NYDt3z8
Begin Japanology,2,24,Satoyama,"July 31, 2009",HLPELgyjLFU
Begin Japanology,2,25,Kendo,"August 29, 2009",8Ea2ih7uNW4
Begin Japanology,2,26,The Fragrances of Japan,"September 4, 2009",PLZDsN35D_I
Begin Japanology,2,27,Spinning Tops,"September 11, 2009",DQRgrETAmoE
Begin Japanology,2,28,Rock and Stone,"September 18, 2009",ULIjxBDBEHA
Begin Japanology,2,29,Ink Brushes,"September 25, 2009",QZwMIUMS_DY
Begin Japanology,2,30,Tsukemono,"October 2, 2009",Ja_aNE7lMdY
Begin Japanology,2,31,Dogs,"October 9, 2009",zxMNWH9fDuc
Begin Japanology,2,32,Ramen,"October 16, 2009",PLpgwmBSlho
Begin Japanology,2,33,Rice,"October 23, 2009",5gCJ5ixwEKg
Begin Japanology,2,34,Shinto Shrine,"October 30, 2009",m5SUvJCF_jY
Begin Japanology,2,35,Festivals,"November 6, 2009",BwjfObkM-wg
Begin Japanology,2,36,Shinkansen,"November 13, 2009",trDFx11PRHI
Begin Japanology,2,37,Gagaku,"November 20, 2009",2s5ZgIoEkfg
Begin Japanology,2,38,Marriage,"November 27, 2009",1jwZFFBupnU
Begin Japanology,2,39,Shogi,"December 4, 2009",by6JI5KIZc4
Begin Japanology,2,40,Nabe Cuisine,"December 11, 2009",geX0jSOo4bw
Begin Japanology,2,41,Sword,"December 18, 2009",Ay1eaRSmVv8
Begin Japanology,3,1,Sentou,"January 8, 2010",Pjal9cJ-yKw
Begin Japanology,3,2,Karuta,"January 15, 2010",-prjZwpACQw
Begin Japanology,3,3,Taiko,"January 22, 2010",0TeiCoerJCE
Begin Japanology,3,4,Cram School,"January 29, 2010",VYIJIPm_PVk
Begin Japanology,3,5,Light,"February 5, 2010",dVwrN1U3GFE
Begin Japanology,3,6,Footwear,"February 12, 2010",Bd-ThceSPLQ
Begin Japanology,3,7,Monkey,"February 19, 2010",I-0C6T3d8Sc
Begin Japanology,3,8,Soy Sauce,"February 26, 2010",jnSerDuCIa0
Begin Japanology,3,9,Tuna,"March 5, 2010",rHKySU5FMWU
Begin Japanology,3,10,Fusuma,"March 12, 2010",Y_-GmUilE8s
Begin Japanology,3,11,Pearl,"March 19, 2010",ZiM1RMrckIc
Begin Japanology,3,12,Todaiji,"April 2, 2010",QoUv3nRO4Ko
Begin Japanology,3,13,School Lunches,"April 9, 2010",GHR940Nno14
Begin Japanology,3,14,Geiko and Maiko,"April 16, 2010",c1-SEBn_bS8
Begin Japanology,3,15,Robots,"April 23, 2010",7zcx4JkMSFU
Begin Japanology,3,16,Wasabi,"April 30, 2010",jFtT3fLmKGQ
Begin Japanology,3,17,Women's Fashion Magazines,"May 14, 2010",0o-xq5eg5Ck
Begin Japanology,3,18,Izakaya,"May 21, 2010",57jxqGgV-eA
Begin Japanology,3,19,Apartments and Condominiums,"May 28, 2010",1Mg9mhRBAaY
Begin Japanology,3,20,Towns and Neighbourhoods,"June 11, 2010",4wat83HKyE0
Begin Japanology,3,21,Tempura,"June 18, 2010",vulmWj8rPbY
Begin Japanology,3,22,Subways,"June 25, 2010",VCQt8mnxpz8
Begin Japanology,3,23,Hairstyles,"July 2, 2010",t9JgG2lh3V4
Begin Japanology,3,24,Home Appliances,"July 9, 2010",Xn2CfKMrL-Y
Begin Japanology,3,25,Roof Tiles,"July 16, 2010",rZjOTDa3UQs
Begin Japanology,3,26,Miniaturization,"July 23, 2010",VSuJfuW0bu4
Begin Japanology,3,27,Silk,"August 13, 2010",JRl5OlpvzKQ
Begin Japanology,3,28,Soybeans,"August 20, 2010",cZvCplbj1F4
Begin Japanology,3,29,Curry,"August 25, 2010",LPGpIFmFmCQ
Begin Japanology,3,30,Dams,"September 3, 2010",xG5n5J37m0M
Begin Japanology,3,31,Hotels,"September 10, 2010",LPybVtxAjsI
Begin Japanology,3,32,Radio Calisthenics,"September 17, 2010",huVEfZI9Wqk
Begin Japanology,3,33,Ekiben,"September 24, 2010",U63lGAhzpdM
Begin Japanology,3,34,Bridges,"October 8, 2010",uxRxCENijxk
Begin Japanology,3,35,Earthquakes,"October 15, 2010",zw8AcvMrHfI
Begin Japanology,3,36,Chrysanthemums,"October 22, 2010",5mK_cL59LuE
Begin Japanology,3,37,Cameras,"November 4, 2010",tN2GUExpHlI
Begin Japanology,3,38,Hiragana,"November 11, 2010",oo9tkK1I5a4
Begin Japanology,3,39,Udon,"November 18, 2010",IGavtBvMtVs
Begin Japanology,3,40,Money,"November 25, 2010",1ISvDfmwM20
Begin Japanology,3,41,Nishikigoi,"December 2, 2010",qG8rZHVIPdM
Begin Japanology,3,42,Volcanoes,"December 9, 2010",N5745uO-qIc
Begin Japanology,3,43,Firefighting,"December 16, 2010",kmiYU43ssdM
Begin Japanology,4,1,Mochi Rice Cake,"January 13, 2011",wiTjmpxKLTc
Begin Japanology,4,2,Watches and Clocks,"January 20, 2011",ZwIcWj9VUqw
Begin Japanology,4,3,Fugu Blowfish,"January 27, 2011",31qdiIiVWdI
Begin Japanology,4,4,Haneda Airport,"February 3, 2011",VQhid4be85s
Begin Japanology,4,5,Kagura Dances,"February 10, 2011",dMpDLxSlkwc
Begin Japanology,4,6,Snow,"February 17, 2011",uspglBjjGjI
Begin Japanology,4,7,Pollen Allergy,"March 3, 2011",Bq57rG87LVU
Begin Japanology,4,8,Sashimono Woodwork,"March 10, 2011",5UEEz111uIM
Begin Japanology,4,9,Cranes,"April 7, 2011",IkIGvOzKMm8
Begin Japanology,4,10,Kitchen Knives,"April 14, 2011",6b5RFay7yU4
Begin Japanology,4,11,Fishing,"April 21, 2011",r2YWNB2tkbQ
Begin Japanology,4,12,Armour,"April 28, 2011",ecUIPihRmCw
Begin Japanology,4,13,Judo,"May 5, 2011",xszfmQDfLJE
Begin Japanology,4,14,The Life of Taro Okamoto,"May 12, 2011",CQhsyHApy3Q
Begin Japanology,4,15,The Life of Osamu Dazai,"May 19, 2011",k0xshXS5-X0
Begin Japanology,4,16,The Life of Kenzo Tange,"May 26, 2011",dOA2Lx17KwM
Begin Japanology,4,17,The Life of Hideko Maehata,"June 2, 2011",_onlKgAlZ4w
Begin Japanology,4,18,Toilets,"June 9, 2011",pgrLtwdOznk
Begin Japanology,4,19,Lifts,"June 16, 2011",x7vLxEflwHE
Begin Japanology,4,20,Motorcycles,"June 23, 2011",FRkjSmHZsls
Begin Japanology,4,21,Unagi Eel,"June 30, 2011",fpjFQoTWNUY
Begin Japanology,4,22,Japanophiles – Ilan Yanizky,"July 7, 2011",p2f_9ElBRQo
Begin Japanology,4,23,Japanophiles – Silvain Guignard,"July 14, 2011",rczFQL04LgQ
Begin Japanology,4,24,Japanophiles – Stéphane Danton,"July 21, 2011",jEyYrC1gMfA
Begin Japanology,4,25,Japanophiles – Dorothy Feibleman,"July 28, 2011",yhwEjd26gpY
Begin Japanology,4,26,Plastic Food Samples,"August 18, 2011",15xrfrlwqwU
Begin Japanology,4,27,Insects,"August 25, 2011",QHRl2gSyuHU
Begin Japanology,4,28,Traditional Japanese Mathematics,"September 1, 2011",3ETJCpyrLK4
Begin Japanology,4,29,Bicycles,"September 8, 2011",Ix4-zQbl71E
Begin Japanology,4,30,Chusonji,"September 15, 2011",ovn6ZTcefI0
Begin Japanology,4,31,Seaweed,"September 29, 2011",iMdodLbyr8k
Begin Japanology,4,32,Charcoal,"October 6, 2011",xjmsdbc1pbc
Begin Japanology,4,33,Rain,"October 13, 2011",iLF_eS9W7Wg
Begin Japanology,4,34,Golf,"October 20, 2011",fkse_SuJysI
Begin Japanology,4,35,Shipbuilding,"October 27, 2011",3jx_kuMJuH4
Begin Japanology,4,36,Japanophiles – Bruce Huebner,"November 3, 2011",99aIBVGkgzY
Begin Japanology,4,37,Japanophiles – Muhō Noelke,"November 10, 2011",nCc8kSQqyXU
Begin Japanology,4,38,Japanophiles – Matt Alt,"November 17, 2011",BGmOQMjIq9g
Begin Japanology,4,39,Karaoke,"November 24, 2011",5lCKOm5QTD0
Begin Japanology,4,40,Holidays,"December 1, 2011",OnR30Lk8njQ
Begin Japanology,4,41,Red Sea Bream,"December 8, 2011",iSG2VJmKN_U
Begin Japanology,4,42,Shopping Streets,"December 15, 2011",OidF3fhpLCk
Begin Japanology,4,43,Chickens and Eggs,"December 22, 2011",ZxGIZT_yJj8
Begin Japanology,5,1,Ekiden,"January 12, 2012",LcE4FalCz4E
Begin Japanology,5,2,Batteries,"January 19, 2012",JlGCu_X7Euo
Begin Japanology,5,3,Cafes,"January 26, 2012",_jS7WOHOXTs
Begin Japanology,5,4,Hot Water Bottles and Pocket Warmers,"February 2, 2012",HlbH66tGtAU
Begin Japanology,5,5,Ikebana,"February 9, 2012",BFInml7rOPM
Begin Japanology,5,6,Excavators,"February 16, 2012",ECZSc5-ZI2k
Begin Japanology,5,7,Woods & Forests,"February 23, 2012",VC4gRGPbTqE
Begin Japanology,5,8,Japanophiles – Dhugal Lindsay,"March 1, 2012",AApHrTajSNU
Begin Japanology,5,9,Japanophiles – Richard Emmert,"March 8, 2012",kn_vtPdrVeY
Begin Japanology,5,10,Japanophiles – Art Lee,"March 15, 2012",seN8H8Xb7Ac
Begin Japanology,5,11,Japanophiles – Philip Harper,"March 29, 2012",JWrIoGdd0Ts
Begin Japanology,5,12,Kabuki,"April 5, 2012",eCX1gpqwYrw
Begin Japanology,5,13,Wild Vegetables,"April 12, 2012",oYAD4NWKVO8
Begin Japanology,5,14,Horses,"April 19, 2012",Wwci3smRCLo
Begin Japanology,5,15,Massage Chairs,"April 26, 2012",gv9UJ5L5ryk
Begin Japanology,5,16,Shikoku Pilgrimage,"May 3, 2012",r6dfNK3228A
Begin Japanology,5,17,Regional Fast Food,"May 10, 2012",jzCVMjIckTs
Begin Japanology,5,18,Department Stores,"May 17, 2012",2NCD7oEYaD0
Begin Japanology,5,19,Kimonos,"May 24, 2012",rm0tpnQ2U-8
Begin Japanology,5,20,Aquariums,"June 7, 2012",o_mEvNtWfnw
Begin Japanology,5,21,Confectionery,"June 14, 2012",aTzvwbtkAyQ
Begin Japanology,5,22,Dolls,"June 21, 2012",fxanIDYyUVM
Begin Japanology,5,23,Moss,"July 5, 2012",Up5jKSreGrA
Begin Japanology,5,24,High School Baseball,"July 12, 2012",XvjIKDJ6nHY
Begin Japanology,5,25,Planetariums,"July 19, 2012",7sOIXSVo5FE
Begin Japanology,5,26,Japanophiles – Adam Booth,"August 16, 2012",H6rccZv_c5U
Begin Japanology,5,27,Japanophiles – Dave Spector,"August 23, 2012",IHB9ieBRmz0
Begin Japanology,5,28,Japanophiles – Euan Craig,"August 30, 2012",PByruPege_o
Begin Japanology,5,29,Shamisen,"September 6, 2012",MfQwcimmfnY
Begin Japanology,5,30,Crested Ibises,"September 13, 2012",4YU88kIDTD4
Begin Japanology,5,31,Abalone,"September 20, 2012",d-VTli6j9ik
Begin Japanology,5,32,Tokyo Station,"October 4, 2012",GrWXI6JJlpA
Begin Japanology,5,33,Tokyo Skytree,"October 11, 2012",7QT8tC5rrp8
Begin Japanology,5,34,Tokyo Bay,"October 18, 2012",oVKFYH2SPbM
Begin Japanology,5,35,"Potatoes, Taros, and Yams","November 1, 2012",zuSEzz7lcbo
Begin Japanology,5,36,Name Seals,"November 8, 2012",08IXWRiwETU
Begin Japanology,5,37,Mushrooms,"November 15, 2012",QZujODgOqCI
Begin Japanology,5,38,Vending Machines,"November 22, 2012",jcmy8FaaHHM
Begin Japanology,5,39,Scissors,"December 6, 2012",blM77gJJX0w
Begin Japanology,5,40,Satsuma Mandarins,"December 13, 2012",-tQP6jJX-oo
Begin Japanology,5,41,Gift-giving,"December 20, 2012",-R1ae6o_7iw
Begin Japanology,5,42,Mapping Kyoto Streets,"December 27, 2012",sRbuI1DZDDk
Begin Japanology,6,1,Sumo,"January 10, 2013",EcUiZxVKhWA
Begin Japanology,6,2,Bathroom Scales,"January 17, 2013",a34O50wWy4Y
Begin Japanology,6,3,Enka,"January 24, 2013",2s5ZgIoEkfg
Begin Japanology,6,4,Small Factories,"January 31, 2013",zxAxseNIRzw
Begin Japanology,6,5,Japanophiles – Azby Brown,"February 7, 2013",qAKrnSdRrL8
Begin Japanology,6,6,Japanophiles – Ernst Seiler,"February 14, 2013",IPqKAwfNLbE
Begin Japanology,6,7,Japanophiles – Yasokichi Konishiki,"February 21, 2013",3CUPdr5oMK4
Begin Japanology,6,8,Ume Plums,"March 7, 2013",tjv1vzmcWkU
Begin Japanology,6,9,Storehouses,"March 14, 2013",ULZsQMVS2lY
Begin Japanology,6,10,Wagyu,"March 21, 2013",rGw9lFCCDkw
Begin Japanology,6,11,Uniforms,"April 4, 2013",fSRH6XwtHbc
Begin Japanology,6,12,Rice Cookers,"April 11, 2013",I00uy0ssPP0
Begin Japanology,6,13,Burial Mounds,"April 18, 2013",oiAzgC5NJOQ
Begin Japanology,6,14,Stationery,"April 25, 2013",BD2C9ADfEVA
Begin Japanology,6,15,Bread,"May 2, 2013",LNzm_ol6FSA
Begin Japanology,6,16,Pine Trees,"May 9, 2013",vmfryQE5Lxw
Begin Japanology,6,17,Parcel Delivery,"May 16, 2013",MNsOf1KVFEQ
Begin Japanology,6,18,Pro Wrestling,"May 23, 2013",8lWHB09a52I
Begin Japanology,6,19,Strawberries,"May 30, 2013",WqT5_PrF2g4
Begin Japanology,6,20,Calculators,"June 13, 2013",SedFPR124tg
Begin Japanology,6,21,Television,"June 27, 2013",wvQ8ZEI-6ug
Begin Japanology,6,22,Lake Biwa,"July 4, 2013",iJC4qHWVrXc
Begin Japanology,6,23,Expressways,"July 11, 2013",GZGa9LAE6A4
Begin Japanology,6,24,Beer,"July 18, 2013",EadXj1ItuO4
Begin Japanology,6,25,Japanophiles – Mike Harris,"August 1, 2013",IPqKAwfNLbE
Begin Japanology,6,26,Japanophiles – Karl Bengs,"August 8, 2013",szRntqA9qaU
Begin Japanology,6,27,Japanophiles – Kenny Omega,"August 15, 2013",Gb8ACh0zOGA
Begin Japanology,6,28,Shakuhachi,"September 5, 2013",2BD8NoN4zI4
Begin Japanology,6,29,Convenience Stores,"September 12, 2013",9p8DVJToQEk
Begin Japanology,6,30,Used Books,"September 19, 2013",GxKE72Y20vE
Begin Japanology,6,31,Women's Nylons,"October 3, 2013",MKoounOcfOg
Begin Japanology,6,32,Remote Islands,"October 10, 2013",pKYHu8TtR0A
Begin Japanology,6,33,Characters and Mascots,"October 17, 2013",k2t__0qxOf8
Begin Japanology,6,34,Grapes,"October 24, 2013",ff7JkTGFpn4
Begin Japanology,6,35,Makeup,"November 7, 2013",GKBOf-9qYIE
Begin Japanology,6,36,Ukiyo-e,"November 14, 2013",Ah6mUgAATvs
Begin Japanology,6,37,Buses,"November 21, 2013",0zaQqwRBxII
Begin Japanology,6,38,Parties and Gatherings,"December 5, 2013",8BLGJ8TYb7k
Begin Japanology,6,39,Conveyor Belt Sushi,"December 12, 2013",VkN15S-bcrw
Begin Japanology,6,40,Pets,"December 19, 2013",nloAf58lQJs
Begin Japanology,7,1,Persimmons,"January 9, 2014",-tQP6jJX-oo
Begin Japanology,7,2,Nighttime Scenery,"January 16, 2014",REPWNd8693s
Begin Japanology,7,3,Ise Jingu,"January 23, 2014",WpyKF-nhlFI
Begin Japanology,7,4,K-cars,"January 30, 2014",spNp2D3fjEU
Begin Japanology,7,5,Japanophiles – Nancy Singleton Hachisu,"February 13, 2014",oKGMhza-1-A
Begin Japanology,7,6,Japanophiles – Chris Hart,"February 20, 2014",QiZRZkfXCDI
Begin Japanology,7,7,Japanophiles – Rogier Uitenboogaart,"February 27, 2014",VXSMUAERVDU
Begin Japanology,7,8,Railways,"March 6, 2014",jcevJkwZjhY
Begin Japanology,7,9,Pianos,"March 13, 2014",HMH1M5iWB3k
Begin Japanology,7,10,Squid,"March 20, 2014",kbRniS7bj0M
Weekend Japanology,1,1,Cherry Blossoms,"April 6, 2003",zboO2yaziho
Weekend Japanology,1,2,Sumo,"April 13, 2003",EcUiZxVKhWA
Weekend Japanology,1,3,Japanese emotional expression,"April 20, 2003",CAYksO0tkt8
Weekend Japanology,1,4,The power of design,"April 27, 2003",kHyx5qjZEN4
Weekend Japanology,1,5,Japanese Food: Nattō,"May 4, 2003",Y8gXfVnYY2g
Weekend Japanology,1,6,Robot design,"May 11, 2003",SM5RJqEBdcM
Weekend Japanology,1,7,Comedy,"May 18, 2003",af2TE3IxEh4
Weekend Japanology,1,8,Diet for a long life,"May 25, 2003",OzNcoENNsxQ
Weekend Japanology,1,9,Contemporary dance,"June 1, 2003",MKWmmrvn-YI
Weekend Japanology,1,10,Kimono,"June 8, 2003",rm0tpnQ2U-8
Weekend Japanology,1,11,"""Koto"" and its charm","June 15, 2003",3K6KpkFXKdM
Weekend Japanology,1,12,Traditional Japanese Houses,"June 22, 2003",uoFbMXZ02pI
Weekend Japanology,1,13,Fireworks,"July 13, 2003",TO3-oX5Z73Q
Weekend Japanology,1,14,Japanese Paper,"July 20, 2003",DsCP-TKQY1g
Weekend Japanology,1,15,"""Yacht Race Around the World""","July 27, 2003",CUYEjJ8pHGk
Weekend Japanology,1,16,Memories of the Atomic Bomb,"August 3, 2003",-07xiaBl2vk
Weekend Japanology,1,17,Wedding,"August 18, 2003",1jwZFFBupnU
Weekend Japanology,1,18,Summer Feature Special! Out and About,"August 24, 2003",_1KXIPOOxGo
Weekend Japanology,1,19,Let's Drink Japanese Tea!,"September 7, 2003",xf20a9UmEMA
Weekend Japanology,1,20,Forefront of Universal Design,"September 14, 2003",77FuigGSn44
Weekend Japanology,1,21,Inheritance: Japanese Songs,"September 21, 2003",2s5ZgIoEkfg
Weekend Japanology,1,22,Changing Japanese Women,"September 28, 2003",MKoounOcfOg
Weekend Japanology,1,23,Exploring Tokyo with a Special Guide,"October 6, 2003",dJxemGmbOwg
Weekend Japanology,1,24,Japan in Contemporary Art,"October 12, 2003",hnX_S2KZBiE
Weekend Japanology,1,25,Haiku,"October 19, 2003",JAFWlSM7xjg
Weekend Japanology,1,26,Invitation to Noh,"October 26, 2003",wmFMQFoo0cY
Weekend Japanology,1,27,Calligraphy: A Soul That Interacts with Words,"November 2, 2003",6JOUof0F0ns
Weekend Japanology,1,28,Seasonal Food,"November 9, 2003",os-5mnbsvgA
Weekend Japanology,1,28,Challenging the World with Entertainment Movies,"November 16, 2003",wvQ8ZEI-6ug
Weekend Japanology,1,30,Folk Songs Seen by a Jazzman,"November 23, 2003",K_O4BrwHWH4
Weekend Japanology,1,31,Japanese Car Design,"November 30, 2003",spNp2D3fjEU
Weekend Japanology,1,32,Japanese People and Earthquakes,"December 7, 2003",_3X3AX7xVvM
Weekend Japanology,1,33,Loss of Japan - Nippon Deciphered from Pop Culture,"December 14, 2003",BGmOQMjIq9g
Weekend Japanology,1,34,The Ancient City,"January 11, 2004",dq5sLMVJeyg
Weekend Japanology,1,35,Zen,"January 18, 2004",nCc8kSQqyXU
Weekend Japanology,1,36,Shinkansen,"January 25, 2004",trDFx11PRHI
Weekend Japanology,1,37,Makeup: Japan,"February 1, 2004",3jsRehM5GDY
Weekend Japanology,1,38,Japanese Animation,"February 8, 2004",0uUF8k857wU
Weekend Japanology,1,39,Classical Japanese Music,"February 15, 2004",2s5ZgIoEkfg
Weekend Japanology,1,40,Yakimono,"February 22, 2004",gcyb1AYb984
Weekend Japanology,1,41,Pearls,"February 29, 2004",ZiM1RMrckIc
Weekend Japanology,1,42,Will Keitai Brighten the Future?,"March 7, 2004",CAYksO0tkt8
Weekend Japanology,1,43,The World of Japanese Painting Drawn by Senju,"March 14, 2004",-00nEbj1FFo
Weekend Japanology,1,44,Out & About—Best Of Selection (Part 1),"March 21, 2004",CAYksO0tkt8
Weekend Japanology,1,45,Out & About—Best Of Selection (Part 2),"March 28, 2004",mav1fS8H31g
Weekend Japanology,1,46,Shakuhachi,"April 4, 2004",2BD8NoN4zI4
Weekend Japanology,1,47,Contemporary Architecture,"April 11, 2004",dOA2Lx17KwM
Weekend Japanology,1,48,Welcome to the World of Manga,"April 18, 2004",OnU8T_0hbi4
Weekend Japanology,1,49,Japanese Pop Music,"April 26, 2004",QiZRZkfXCDI
Weekend Japanology,1,50,Japanese Dogs,"May 2, 2004",0aNtSRN8u00
Weekend Japanology,1,51,Sushi Culture Magazine,"May 9, 2004",itnsF7cJjGM
Weekend Japanology,1,52,Rakugo,"May 17, 2004",DEXqmAJwTAk
Weekend Japanology,1,53,Sounds of Japan,"May 23, 2004",QmEk97i5Gy0
Weekend Japanology,1,54,Airplanes,"May 31, 2004",3ttAckYqP8M
Weekend Japanology,1,55,Learning from Edo: Recycling,"June 6, 2004",rzHeDleJBkw
Weekend Japanology,1,56,Japanese Garden,"June 13, 2004",mQxKgc5qDvE
Weekend Japanology,1,57,Japanese Confectionery,"June 27, 2004",aTzvwbtkAyQ
Weekend Japanology,1,58,Shugendo and Faith,"July 4, 2004",wKo0tTc_3fE
Weekend Japanology,1,59,Japanese Ships,"July 11, 2004",W8c7s9b4vM0
Weekend Japanology,1,60,Fashion,"July 18, 2004",jZhcxuFkHGA
Weekend Japanology,1,61,The Japanese Face,"July 25, 2004",1Jq9cws_zL0
Weekend Japanology,1,62,Kagura,"August 1, 2004",dMpDLxSlkwc
Weekend Japanology,1,63,Vending Machines,"August 8, 2004",jcmy8FaaHHM
Weekend Japanology,1,64,Japanese Tableware,"September 5, 2004",s3vZV2qbgEk
Weekend Japanology,1,65,80 Years of Life,"September 12, 2004",WFhsSW2A608
Weekend Japanology,1,66,Japanese Jazz,"September 19, 2004",e-xY_lMQTQ8
Weekend Japanology,1,67,Tokyo Tourism - Yanaka Neighborhood,"October 3, 2004",-17hRPM1uQY
Weekend Japanology,1,68,Bushido,"October 10, 2004",mJuVUnouo6E
Weekend Japanology,1,69,Changing Akihabara,"October 17, 2004",RYbamAys0ps
Weekend Japanology,1,70,Golf in Japan,"October 24, 2004",h6VSi3X1_o8
Weekend Japanology,1,71,Bonsai,"October 31, 2004",v1wPXZPSAFw
Weekend Japanology,2,1,Japanese Rock,"May 7, 2005",NVB4SSNw0gY
Weekend Japanology,2,2,Sho,"May 21, 2005",77FuigGSn44
Weekend Japanology,2,3,Japanese and Mathematics,"June 11, 2005",pln40k04Z0A
Weekend Japanology,2,4,Ramen,"June 25, 2005",PLpgwmBSlho
Weekend Japanology,2,5,Sentō,"July 23, 2005",MlijOrSY374
Weekend Japanology,2,6,Origami,"July 30, 2005",_miBryqvrI8
Weekend Japanology,2,7,Exploring Nagoya,"August 6, 2005",lAG0nRJ6N8A
Weekend Japanology,2,8,Robot,"September 17, 2005",SM5RJqEBdcM
Weekend Japanology,2,9,Edokomon,"September 24, 2005",ivHVRsVOnu4
Weekend Japanology,2,10,Young Entrepreneurs in Japan,"October 8, 2005",zxAxseNIRzw
Weekend Japanology,2,11,J-Pop,"October 15, 2005",QiZRZkfXCDI
Weekend Japanology,2,12,Baby Boomers' Consumer Activities,"October 29, 2005",PxWE_K2YCvI
Weekend Japanology,2,13,Eco Cars,"November 12, 2005",ZtPZ-EyAyWY
Weekend Japanology,2,14,Japanese Lights,"December 11, 2005",dVwrN1U3GFE
Weekend Japanology,2,15,Japanese People and the Stars,"November 26, 2005",NDPVwmPCNZ0
Weekend Japanology,2,16,Yokohama Triennale 2005,"December 3, 2005",95igwkvlEtk
Weekend Japanology,2,17,Mottainai!,"December 17, 2005",vzmTHA8on5w
Weekend Japanology,2,18,Soba,"December 24, 2005",screCVQbKKw
Weekend Japanology,2,19,Japanese People and Hot Springs,"December 31, 2005",OTLoC_dH_i8
Weekend Japanology,2,20,J League,"January 7, 2006",eDgyNCHQ1Qk
Weekend Japanology,2,21,Taiko - Japanese Drums,"January 14, 2006",X1m2zmaK8tw
Weekend Japanology,2,22,Washi: Wrapping Technique and Spirit,"January 21, 2006",RZccAwh7buQ
Weekend Japanology,2,23,Japanese People and Monkeys,"January 28, 2006",I-0C6T3d8Sc
Weekend Japanology,2,24,Small Houses,"February 4, 2006",GugNoVWSdXY
Weekend Japanology,2,25,Soy Sauce,"February 11, 2006",jnSerDuCIa0
Weekend Japanology,2,26,Ukiyo-e,"February 18, 2006",Ah6mUgAATvs
Weekend Japanology,2,27,Japanese People and Fish,"February 25, 2006",jml4L4TVRwE
Weekend Japanology,2,28,Japan Fashion Week,"March 4, 2006",0o-xq5eg5Ck
Weekend Japanology,2,29,Cool Japan: Japanese Pop Culture,"March 11, 2006",CQfWP96bIV4
Weekend Japanology,2,30,Hay Fever,"March 18, 2006",Bq57rG87LVU
Weekend Japanology,2,31,Out & About — Best Of Selection (Part 1),"March 25, 2006",CAYksO0tkt8
Weekend Japanology,2,32,Out & About — Best OF Selection (Part 2),"April 1, 2006",mav1fS8H31g
Weekend Japanology,2,33,Sake,"April 17, 2006",QLkuLKAdGJQ
Weekend Japanology,2,34,Japanese Language,"April 24, 2006",rPI4qLWK5mY
Weekend Japanology,2,35,Buyō,"May 1, 2006",UGzlKH2ZIaY
Weekend Japanology,2,36,Kyoto Cityscape Preservation,"May 15, 2006",5UEEz111uIM
Weekend Japanology,2,37,Japanese Castles,"May 22, 2006",iPhdBe3fCsA
Weekend Japanology,2,38,Japanese Garden Plants,"May 29, 2006",mQxKgc5qDvE
Weekend Japanology,2,39,Mt. Fuji,"June 5, 2006",SUO7QhYUK5o
Weekend Japanology,2,40,The World of Tsuguharu Foujita,"June 12, 2006",W4z3Z-mKHYg
Weekend Japanology,2,41,Buddha Statues,"June 19, 2006",dq5sLMVJeyg
Weekend Japanology,2,42,Ikebana,"July 3, 2006",BFInml7rOPM
Weekend Japanology,2,43,Japanese Travel Culture,"July 10, 2006",Yiv5O5dca6g
Weekend Japanology,2,44,Japan in Advertisements,"July 17, 2006",QbcJxslVFK8
Weekend Japanology,2,45,Home Appliances,"July 24, 2006",Xn2CfKMrL-Y
Weekend Japanology,2,46,Tatami,"July 31, 2006",e839VGOpl-A
Weekend Japanology,2,47,Asakusa,"August 21, 2006",Up5jKSreGrA
Weekend Japanology,2,48,Kamakura,"August 27, 2006",puAPXvRkE4s
Weekend Japanology,2,49,Udon,"August 28, 2006",IGavtBvMtVs
Weekend Japanology,2,50,Japanese Rivers,"September 4, 2006",_rwxsjzjDhs
Weekend Japanology,2,51,Zazen Breathing Method,"September 11, 2006",LL2XUTeoUsM
Weekend Japanology,2,52,Incense,"Culture September 25, 2006",PLZDsN35D_I
Weekend Japanology,2,53,Science Education in Japan,"October 2, 2006",cRYuOnfgq6Q
Weekend Japanology,2,54,Umeboshi,"October 9, 2006",tjv1vzmcWkU
Weekend Japanology,2,55,Jōmon people,"October 16, 2006",1d2jmfid1ZM
Weekend Japanology,2,56,Minakata Kumagusu,"October 22, 2006",DfCx3b2rImo
Weekend Japanology,2,57,Koizumi Yakumo and Japanese Kokoro,"October 23, 2006",e4WfTwsE2do
Weekend Japanology,2,58,Okami-san,"October 30, 2006",LydNSU5nJ_A
Weekend Japanology,2,59,Small Theater Plays,"November 20, 2006",Vhb-pQpYamA
Weekend Japanology,2,60,Tempura,"November 27, 2006",vulmWj8rPbY
Weekend Japanology,2,61,Rice Cultivation,"December 18, 2006",Qlz28wADHK8
Weekend Japanology,2,62,Itō Jakuchū and Edo Paintings,"December 25, 2006",rV7nXBZPo0s
Weekend Japanology,2,63,Kyōgen,"January 8, 2007",RogQGMk0Wnk
Weekend Japanology,2,64,Winter in Japan,"January 15, 2007",D-ht10QwPhA
Weekend Japanology,2,65,Nishikigoi - Koi Carp,"January 22, 2007",qG8rZHVIPdM
Weekend Japanology,2,66,Convenience Stores,"January 29, 2007",9p8DVJToQEk
Weekend Japanology,2,67,Nabemono,"February 5, 2007",7F_-wEN7f6U
Weekend Japanology,2,68,Snow in Japan,"February 12, 2007",uspglBjjGjI
Weekend Japanology,2,69,Fishing,"February 19, 2007",r2YWNB2tkbQ
Weekend Japanology,2,70,Dashi,"February 26, 2007",YnvtqoHlXnI
Weekend Japanology,2,71,Manzai,"March 5, 2007",jYHSoHejZQc
Weekend Japanology,2,72,Shamisen,"March 12, 2007",MfQwcimmfnY
Weekend Japanology,2,73,Japanese Wine,"March 19, 2007",ZL-fkF7s7LY
Weekend Japanology,2,74,Migratory Birds and Japan,"March 26, 2007",Yiv5O5dca6g
Weekend Japanology,2,75,Japanese Patterns,"April 2, 2007",IWBnt7CiHDo
Weekend Japanology,2,76,Island Country Japan,"April 16, 2007",pKYHu8TtR0A
Weekend Japanology,2,77,Laughter in Japan,"April 30, 2007",NlF5srREfbk
Weekend Japanology,2,78,Kendo,"May 7, 2007",8Ea2ih7uNW4
Weekend Japanology,2,79,The Charm of Japanese Lacquerware,"May 14, 2007",8MFye9fiGp0
Weekend Japanology,2,80,The Turning Point for Japanese-style Employment,"May 21, 2007",YQ8KuYNDYm4
Weekend Japanology,2,81,Shōchū,"May 28, 2007",77FuigGSn44
Weekend Japanology,2,82,Shōgi,"June 4, 2007",c6GseJfUG4I
Weekend Japanology,2,83,Tanka,"June 11, 2007",iFIyCMCbLYA
Weekend Japanology,2,84,Forest Regeneration,"June 18, 2007",3VZSJKbzyMc
Weekend Japanology,2,85,Tofu,"June 25, 2007",sEfnMqqW7oc
Weekend Japanology,2,86,Osaka Traditional Performing Art: Bunraku,"July 2, 2007",NFojZrytlgU
Weekend Japanology,2,87,The Heart of Osaka/The Heart of Beauty,"June 16, 2007",CAYksO0tkt8
Weekend Japanology,2,88,Shikoku Pilgrimage,"July 23, 2007",r6dfNK3228A
Weekend Japanology,2,89,High-tech Japanese Ancient Technology,"August 27, 2007",-YTM2-wuvZs
Weekend Japanology,2,90,Ekiben,"September 3, 2007",U63lGAhzpdM
Weekend Japanology,2,91,Disaster Prevention: Wisdom to Live in an Earthquake-prone Country,"September 10, 2007",Q2AfkYQe0RY
Weekend Japanology,2,92,Dolls,"September 17, 2007",fxanIDYyUVM
Weekend Japanology,2,93,Kimono Beauty and Technique,"September 24, 2007",GKgpvd__Bxs
Weekend Japanology,2,94,Tokyo Station,"October 1, 2007",GrWXI6JJlpA
Weekend Japanology,2,95,Miso,"October 20, 2007",w6DuDWzQ0jI
Weekend Japanology,2,96,Tarō Okamoto,"October 27, 2007",cT8SojrLBp0
Weekend Japanology,2,97,Onomatopoeia: The Charm of Mimetic Words,"November 3, 2007",T-IOrCzDYJk
Weekend Japanology,2,98,Bamboo in Japan,"November 10, 2007",tZXOQnjrxaA
Weekend Japanology,2,99,Sukiya Architecture,"November 17, 2007",dOA2Lx17KwM
Weekend Japanology,2,100,Japanese Television Technology,"November 24, 2007",Xn2CfKMrL-Y
Weekend Japanology,2,101,Crows in Tokyo,"December 1, 2007",lWw_87A1t-o
Weekend Japanology,2,102,Natsume Sōseki,"December 8, 2007",cM62gDvZW6g
Weekend Japanology,2,103,Unagi,"December 22, 2007",fpjFQoTWNUY
Weekend Japanology,2,104,Isamu Noguchi and Japan,"January 12, 2008",7Y05dzPTnq8
Weekend Japanology,2,105,Enka,"January 19, 2008",2s5ZgIoEkfg
Japanology Plus,1,1,Bathhouses,"April 3, 2014",GCZ68R5rS20
Japanology Plus,1,2,Ramen,"April 10, 2014",PLpgwmBSlho
Japanology Plus,1,3,Mount Fuji,"April 17, 2014",SUO7QhYUK5o
Japanology Plus,1,4,Shogi,"April 24, 2014",by6JI5KIZc4
Japanology Plus,1,5,Cherry Trees,"May 1, 2014",HyJ1nwFyxWU
Japanology Plus,1,6,Akihabara,"May 8, 2014",RYbamAys0ps
Japanology Plus,1,7,Wagashi,"May 15, 2014",2rvvC1kkkVs
Japanology Plus,1,8,Ninja,"May 22, 2014",JHMhmwwdeKY
Japanology Plus,1,9,Rice,"May 29, 2014",5gCJ5ixwEKg
Japanology Plus,1,10,Castles,"June 5, 2014",ZGGCOye9A5g
Japanology Plus,1,11,Japanophiles – Elizabeth Suzuki,"July 3, 2014",j-p3LbA7Da4
Japanology Plus,1,12,Japanophiles – Everett Kennedy Brown,"July 10, 2014",oWqflSKLWck
Japanology Plus,1,13,Japanophiles – Carolin Eckhardt,"July 17, 2014",WwJPyUu-DfE
Japanology Plus,1,14,Karaoke Boxes,"August 7, 2014",XigYQE9miU4
Japanology Plus,1,15,Bento,"August 14, 2014",n8U3AP5gvZI
Japanology Plus,1,16,Bamboo,"August 21, 2014",tZXOQnjrxaA
Japanology Plus,1,17,Taiko Drums,"September 4, 2014",X1m2zmaK8tw
Japanology Plus,1,18,Tsukiji Market,"September 11, 2014",1oKucOTtfV0
Japanology Plus,1,19,Festivals,"September 18, 2014",BwjfObkM-wg
Japanology Plus,1,20,Japanese Gardens,"September 25, 2014",mQxKgc5qDvE
Japanology Plus,1,21,Origami,"October 2, 2014",__Abslipq3s
Japanology Plus,1,22,Buddhist Statues,"October 9, 2014",dq5sLMVJeyg
Japanology Plus,1,23,Yokai,"October 16, 2014",2VvSkx4xp_4
Japanology Plus,1,24,Shinkansen,"October 23, 2014",trDFx11PRHI
Japanology Plus,1,25,Lessons for Life,"November 6, 2014",GbH-zQty60w
Japanology Plus,1,26,Robots,"November 13, 2014",7zcx4JkMSFU
Japanology Plus,1,27,Sports Days,"November 20, 2014",NfPMxKSZ4L0
Japanology Plus,1,28,Bonsai,"December 4, 2014",YWnnXfwjbQ0
Japanology Plus,1,29,Sushi,"December 11, 2014",itnsF7cJjGM
Japanology Plus,1,30,Geisha,"December 18, 2014",mrQKTlBMho8
Japanology Plus,1,31,Japanophiles – Bartholomeus Greb,"January 8, 2015",u-2yoJzpjiQ
Japanology Plus,1,32,Japanophiles – Ivan Vartanian,"January 15, 2015",fgAhGtLhuxA
Japanology Plus,1,33,Japanophiles – Alex Bennett,"January 22, 2015",PE8lnWj7Rxg
Japanology Plus,1,34,The Seikan Tunnel,"February 5, 2015",WjNj3rc5bns
Japanology Plus,1,35,Snow Country,"February 12, 2015",D4nx5WQaZOg
Japanology Plus,1,36,Comedy,"February 19, 2015",af2TE3IxEh4
Japanology Plus,1,37,Tokyo Metropolitan Expressway,"April 2, 2015",NzIdppo_Sn4
Japanology Plus,1,38,A Season of Change,"April 16, 2015",Ib59ovpGazk
Japanology Plus,1,39,Waste and Recycling,"April 23, 2015",rzHeDleJBkw
Japanology Plus,1,40,Period Dramas,"April 30, 2015",-YrlZ689vfA
Japanology Plus,1,41,The Weight Loss Industry,"May 7, 2015",zQ66R9ker5I
Japanology Plus,1,42,Dams,"May 14, 2015",xG5n5J37m0M
Japanology Plus,1,43,Izakaya,"May 28, 2015",57jxqGgV-eA
Japanology Plus,1,44,Craft Beer,"June 4, 2015",ODTPaPYXuvY
Japanology Plus,1,45,Fermented Foods,"June 11, 2015",Y8gXfVnYY2g
Japanology Plus,1,46,Umbrellas,"June 18, 2015",COWc2baJLwo
Japanology Plus,1,47,Job Hunting,"June 25, 2015",YQ8KuYNDYm4
Japanology Plus,1,48,Japanophiles - Amir Takahashi,"July 9, 2015",DHppI1aYl44
Japanology Plus,1,49,The English Conversation Business,"July 16, 2015",eyU4R-yCrVw
Japanology Plus,1,50,English at School,"July 23, 2015",cRYuOnfgq6Q
Japanology Plus,1,51,Shrine & Temple Carpenters,"August 6, 2015",geNwDDkcQO0
Japanology Plus,1,52,Bunraku,"August 12, 2015",klKih8OazUI
Japanology Plus,1,53,Kids' Summer Holidays,"September 3, 2015",uaaYqglBHS4
Japanology Plus,1,54,Swimming,"September 10, 2015",GOQqq7mzGD4
Japanology Plus,1,55,Haunted Houses,"September 17, 2015",73yv_1oAass
Japanology Plus,1,56,Onsen,"October 1, 2015",OTLoC_dH_i8
Japanology Plus,1,57,Japanophiles - Andrew Mancabelli,"October 8, 2015",eJYwHjFKJ7g
Japanology Plus,1,58,Cameras,"October 15, 2015",tN2GUExpHlI
Japanology Plus,1,59,Wrapping and Packaging,"October 22, 2015",RZccAwh7buQ
Japanology Plus,1,60,Tokyo Housing,"November 12, 2015",bbHos_RmaX4
Japanology Plus,1,61,Japanophiles - Adam Zgola,"November 19, 2015",mNqmdZDV0Fc
Japanology Plus,1,62,Kombu,"November 26, 2015",wNpG5WDpF90
Japanology Plus,1,63,Hotels and Inns,"December 3, 2015",ag3z4uqa7fg
Japanology Plus,1,64,Tidying Up,"December 10, 2015",gyndkGRPftk
Japanology Plus,1,65,Mt. Takao,"December 17, 2015",FbUkZqtzrII
Japanology Plus,1,66,Japanophiles - Maud Archambault,"January 7, 2016",pEugRByKyFI
Japanology Plus,1,67,Silk,"January 14, 2016",JRl5OlpvzKQ
Japanology Plus,1,68,Underground Tokyo,"January 28, 2016",x_LDbY-8AVQ
Japanology Plus,1,69,Earthquake Preparedness,"February 11, 2016",S-b7-2071_o
Japanology Plus,1,70,Japanophiles - Jorge Cabeza Fernandez,"February 25, 2016",9oTIOUSQpe0
Japanology Plus,1,71,Japanophiles - Pico Iyer,"March 3, 2016",kIZfZa8zT-Q
Japanology Plus,1,72,Okinawan Dance,"March 17, 2016",zOgTzKamoKU
Japanology Plus,2,1,Whisky,"April 7, 2016",lraS4PhUtTc
Japanology Plus,2,2,Quest for Perfect Skin,"April 14, 2016",1Jq9cws_zL0
Japanology Plus,2,3,Bladed Tools,"April 21, 2016",DaUyG8k8yzI
Japanology Plus,2,4,Family Crests,"May 5, 2016",U0ltzVp-sI0
Japanology Plus,2,5,Breakfast,"May 12, 2016",jruc6Cjb_mg
Japanology Plus,2,6,Footwear,"May 19, 2016",Bd-ThceSPLQ
Japanology Plus,2,7,Running,"June 2, 2016",khz4TIRB_Ds
Japanology Plus,2,8,Emoji,"June 16, 2016",wFbmGNn4OcE
Japanology Plus,2,9,Ekiben,"June 23, 2016",U63lGAhzpdM
Japanology Plus,2,10,Bicycles,"June 30, 2016",Ix4-zQbl71E
Japanology Plus,2,11,Kimono,"July 7, 2016",rm0tpnQ2U-8
Japanology Plus,2,12,Kokeshi Dolls,"July 28, 2016",V-XPH4gOuYs
Japanology Plus,2,13,Shinise - Long-Established Businesses,"August 4, 2016",QnI2SSpIYEw
Japanology Plus,2,14,Japanophiles: Rezaul Karim Chowdhury,"August 11, 2016",TK1JIHtULiY
Japanology Plus,2,15,Toilets,"August 18, 2016",pgrLtwdOznk
Japanology Plus,2,16,Bridges,"August 25, 2016",uxRxCENijxk
Japanology Plus,2,17,A Nation of Singers,"September 1, 2016",Kcq04aiOKHg
Japanology Plus,2,18,Restoring Castles,"September 8, 2016",eZ_jdVpuL2o
Japanology Plus,2,19,Volcanoes,"September 29, 2016",N5745uO-qIc
Japanology Plus,2,20,School Club Activities,"October 6, 2016",L9suvgPG6Xc
Japanology Plus,2,21,Smells,"October 13, 2016",vUSeXFrUynE
Japanology Plus,2,22,Paper,"October 20, 2016",DsCP-TKQY1g
Japanology Plus,2,23,Japanophiles: Paul Lorimer,"November 3, 2016",ZUtRiWsRPgQ
Japanology Plus,2,24,Katsuobushi,"December 1, 2016",h4QpkFjebbw
Japanology Plus,2,25,Day Care for Kids,"December 8, 2016",QzxWI24Vr2E
Japanology Plus,2,26,Sweets and Snacks,"December 15, 2016",mzfMJcuzOKs
Japanology Plus,2,27,Hairdressing,"December 22, 2016",IvqAe-OvDGg
Japanology Plus,2,28,Japanophiles: Carine Lafitte,"January 5, 2017",hY4VmZjFNE4
Japanology Plus,2,29,Noh Theater,"January 26, 2017",Id5McwyuaNk
Japanology Plus,2,30,Moving Services,"February 2, 2017",QMfKSfWfqaI
Japanology Plus,2,31,Okinawan Karate,"February 9, 2017",8JUPGuwyShI
Japanology Plus,2,32,Sleep,"February 16, 2017",seIT3lwKQ5s
Japanology Plus,2,33,Tokyo Rail Network,"February 23, 2017",h87eJqa3dak
Japanology Plus,2,34,Denim,"March 2, 2017",fkSo-HKEqGU
Japanology Plus,2,35,Japanophiles: Randy Channell Soei,"March 9, 2017",wrEvSaNPj4k
Japanology Plus,2,36,Japanophiles: Zoe Vincent,"March 30, 2017",T48CZAw9oS8
Japanology Plus,2,37,Buddhist Altars,"April 4, 2017",JLWK4lzpkzw
Japanology Plus,2,38,Driving Schools,"April 12, 2017",heSB6hH9-r4
Japanology Plus,2,39,Curry,"April 19, 2017",LPGpIFmFmCQ
Japanology Plus,2,40,Cafes,"May 2, 2017",_jS7WOHOXTs
Japanology Plus,2,41,Japanophiles: Yoram Ofer,"May 23, 2017",NdPmULNbf7Y
Japanology Plus,2,42,School Lunch,"June 6, 2017",QcIyjfalGJw
Japanology Plus,2,43,Capsule Toys,"June 20, 2017",Uh0OUc1IV5k
Japanology Plus,2,44,Buses,"June 27, 2017",0zaQqwRBxII
Japanology Plus,2,45,Traditional Music,"July 4, 2017",2s5ZgIoEkfg
Japanology Plus,2,46,Traditional Music in Modern Life,"July 11, 2017",O4YGNpF_-f8
Japanology Plus,2,47,Japanophiles: Nsenda Lukumwena,"July 18, 2017",Z5KWcpyW3q8
Japanology Plus,2,48,Urban Renewal,"August 1, 2017",rvIc1HLLt-c
Japanology Plus,2,49,Fireworks,"August 15, 2017",TO3-oX5Z73Q
Japanology Plus,2,50,Anthropomorphism,"August 22, 2017",CBGM2vDPm2I
Japanology Plus,2,51,2D Characters: Origins and Evolution,"August 29, 2017",1gcakROl0U0
Japanology Plus,2,52,Children and Sports,"September 5, 2017",h6VSi3X1_o8
Japanology Plus,2,53,Amusement Parks,"September 12, 2017",G832UXc0VoQ
Japanology Plus,2,54,Japanophiles: Tyler Lynch,"September 26, 2017",zU1p8P579Ck
Japanology Plus,2,55,Particle Physics Research,"October 3, 2017",6AvLzbdIj1o
Japanology Plus,2,56,Shrine Duties,"October 17, 2017",RFGqMeixZt8
Japanology Plus,2,57,Special Rescue Teams,"October 24, 2017",GwMW4_Ye7hA
Japanology Plus,2,58,The Wonders of Air Travel,"October 31, 2017",3ttAckYqP8M
Japanology Plus,2,59,Japanophiles: Fernando Lopez,"November 21, 2017",_MYtH34UXaQ
Japanology Plus,2,60,Changing Perceptions of Cars,"November 28, 2017",u3eGipNjUQQ
Japanology Plus,2,61,"The Way of Tea: Wellspring of Omotenashi, Part 1","December 12, 2017",-Rid1vBfHyA
Japanology Plus,2,62,"The Way of Tea: Wellspring of Omotenashi, Part 2","December 19, 2017",956ADNDJHMQ
Japanology Plus,2,63,Ocean Fishing,"January 9, 2018",Uo8RfZeyTTw
Japanology Plus,2,64,The Police,"January 16, 2018",VN6VUJcS2Rc
Japanology Plus,2,65,Japanophiles: Stephanie Tomiyasu,"January 23, 2018",brLZimmKH8o
Japanology Plus,2,66,New Trends in Logistics,"February 6, 2018",93e8ckm38cw
Japanology Plus,2,67,Game Arcades,"February 13, 2018",LmJY7c7thtw
Japanology Plus,2,68,Snow Removal,"February 20, 2018",N3rSIqG19Cw
Japanology Plus,2,69,Shopping Streets,"March 6, 2018",OidF3fhpLCk
Japanology Plus,2,70,Japanophiles: Bjorn Heiberg,"March 13, 2018",vJwKIQ7HHXs
Japanology Plus,2,71,Regional Transport Crisis,"March 20, 2018",BQO_IUsg2pY
Japanology Plus,2,72,Miniature Culture,"March 27, 2018",xd7XMKYReHQ
Japanology Plus,2,73,Marriage,"April 3, 2018",1jwZFFBupnU
Japanology Plus,2,74,100 Yen Shops,"April 10, 2018",vMOe_3k0Dgg
Japanology Plus,2,75,Deep-fried Food,"April 17, 2018",uvCA60pYUt8
Japanology Plus,2,76,Lighthouses,"May 1, 2018",pz_Ln0YfeEw
Japanology Plus,2,77,Japanophiles: David E. Wells,"May 22, 2018",IHB9ieBRmz0
Japanology Plus,2,78,Industrial Heritage,"June 5, 2018",TKv_C8fy4WQ
Japanology Plus,2,79,Graves,"June 19, 2018",8SNMFSfNW98
Japanology Plus,2,80,Rice Cultivation,"June 26, 2018",Qlz28wADHK8
Japanology Plus,2,81,The Ogasawara Islands: A Multicultural Heritage,"July 3, 2018",WE1Ol0ZBXeU
Japanology Plus,2,82,The Ogasawara Islands: A Turbulent History,"July 10, 2018",iwTy0CpMlxY
Japanology Plus,2,83,Japanophiles: Bruce Gutlove,"July 17, 2018",6vye9e28ifY
Japanology Plus,2,84,Roadside Stations,"July 31, 2018",5kQwfevQc4o
Japanology Plus,2,85,Summer Resorts,"August 7, 2018",_1KXIPOOxGo
Japanology Plus,2,86,Yurei: Japanese Ghosts,"August 21, 2018",OY3GYpi9Adc
Japanology Plus,2,87,Radio Calisthenics,"September 4, 2018",huVEfZI9Wqk
Japanology Plus,2,88,Underground Shopping Streets,"September 11, 2018",BpaNUD5NSJw
Japanology Plus,2,89,Japanophiles: Jagmohan S. Chandrani,"September 25, 2018",H-iJUGp67qg
Japanology Plus,2,90,A Sense of the Divine,"October 2, 2018",fIETxuh6Mxk
Japanology Plus,2,91,Earthquake-resistant Architecture,"October 9, 2018",rTOzpRrXGLI
Japanology Plus,2,92,School Sports Days,"October 16, 2018",f4_HsP8k3B8
Japanology Plus,2,93,School Satchels,"October 30, 2018",wTC1OAwdlm0
Japanology Plus,2,94,Aquariums,"November 6, 2018",o_mEvNtWfnw
Japanology Plus,2,95,Onigiri: Rice Balls,"November 13, 2018",6KVW7sTgJpk
Japanology Plus,2,96,Japanophiles: David Stanley Hewett,"November 20, 2018",mpr2KD2Yogs
Japanology Plus,2,97,Coffee,"November 27, 2018",_jS7WOHOXTs
Japanology Plus,2,98,Meiji-era Advisors,"December 11, 2018",frpNNTD2RiU
Japanology Plus,2,99,School Uniforms,"December 18, 2018",fSRH6XwtHbc
Japanology Plus,2,100,Soba Restaurants,"December 25, 2018",WHSCyUhxepw
Japanology Plus,2,101,Roof Tilers,"January 8, 2019",x4xiw2LRmV4
Japanology Plus,2,102,Japanophiles: Thomas Bertrand,"January 29, 2019",mRbzIwWCMP8
Japanology Plus,2,103,Hidden Christians: Part 1,"February 19, 2019",6qe1KOsboVA
Japanology Plus,2,104,Hidden Christians: Part 2,"February 26, 2019",ORfvxQiweiw
Japanology Plus,2,105,Wood: Culture,"March 5, 2019",Nk1mo3eDOTI
Japanology Plus,2,106,Wood: Carpentry,"March 12, 2019",BBzszOLt2Ms
Japanology Plus,2,107,Japanophiles: Oussouby Sacko,"March 19, 2019",8Yu_8TQxvKM
Japanology Plus,2,108,Meat,"March 26, 2019",rGw9lFCCDkw
Japanology Plus,3,1,Popular Theater,"April 2, 2019",Vhb-pQpYamA
Japanology Plus,3,2,Oni: Japanese Ogres,"April 16, 2019",1-35WenGFqM
Japanology Plus,3,3,Japanese Dog Breeds,"April 30, 2019",0aNtSRN8u00
Japanology Plus,3,4,Japanophiles: Peter MacMillan,"May 21, 2019",9CnZ84Cy13g
Japanology Plus,3,5,Konamon: Flour-based Cuisine,"June 11, 2019",hwN6XR8LLIA
Japanology Plus,3,6,Frozen Food,"June 25, 2019",h80KDt3iulU
Japanology Plus,3,7,Slippers,"July 9, 2019",6fYDjpYRHZY
Japanology Plus,3,8,Japanophiles: Ondrej Hybl,"July 23, 2019",RogQGMk0Wnk
Japanology Plus,3,9,Tokyo: Water,"July 30, 2019",g0Cpq11kysM
Japanology Plus,3,10,Tokyo: Backstreets and Alleys,"August 6, 2019",80r21QR2GoU
Japanology Plus,3,11,Mechanical Dolls,"August 27, 2019",DdQ5VvSYYMU
Japanology Plus,3,12,Swords,"September 10, 2019",Ay1eaRSmVv8
Japanology Plus,3,13,Bathrooms,"October 1, 2019",GdwRfofAZpw
Japanology Plus,3,14,Japanophiles: David Atkinson,"October 8, 2019",JaA1bfz9pX8
Japanology Plus,3,15,Monkeys,"October 15, 2019",I-0C6T3d8Sc
Japanology Plus,3,16,Banknotes,"November 5, 2019",FiozHMzEtQY
Japanology Plus,3,17,Plasterwork,"November 12, 2019",-YTM2-wuvZs
Japanology Plus,3,18,Japanophiles: Wolfgang Loeger,"November 19, 2019",IPqKAwfNLbE
Japanology Plus,3,19,Insects,"December 3, 2019",QHRl2gSyuHU
Japanology Plus,3,20,Donburi: Rice Bowls,"December 10, 2019",_Wts2dHgVzQ
Japanology Plus,3,21,Osechi: New Year's Food,"January 7, 2020",os-5mnbsvgA
Japanology Plus,3,22,Japanophiles: Thomas Ainsworth,"January 28, 2020",Ekon2Yaf75I
Japanology Plus,3,23,Sunakku Bars,"February 18, 2020",syHzMIbCsVM
Japanology Plus,3,24,Tohoku Nine Years On: Living with Ghosts,"March 10, 2020",e8W4khaDNqw
Japanology Plus,3,25,Tohoku Nine Years On: Voices of the Deceased,"March 17, 2020",KUJ0ltTVpDE
Japanology Plus,3,26,Japanophiles: Harold George Meij,"March 24, 2020",_r5niyCjqEM
Japanology Plus,3,27,Laundry Services,"April 7, 2020",MlXq16DpDXg
Japanology Plus,3,28,Miso,"April 21, 2020",w6DuDWzQ0jI
Japanology Plus,3,29,Japanophiles: Johan Nilsson Bjoerk,"August 4, 2020",DEXqmAJwTAk
Japanology Plus,3,30,Japan vs. Epidemics,"August 18, 2020",hnX_S2KZBiE
Japanology Plus,3,31,Wasabi,"September 1, 2020",jFtT3fLmKGQ
Japanology Plus,3,32,Geisha: A Sunset Trade?,"September 8, 2020",up7cg49LrQU
Japanology Plus,3,33,Expert Craft Skills,"September 15, 2020",O2WOCo8KhnY
Japanology Plus,3,34,Japanophiles: Kim Seungbok,"September 29, 2020",fjUlc1rVRQI
Japanology Plus,3,35,Aloha Shirts,"October 6, 2020",D3-VBAeIL60
Japanology Plus,3,36,Japanophiles: Gyoei Saile,"October 13, 2020",3CUPdr5oMK4
Japanology Plus,3,37,Rice Snacks,"October 20, 2020",Wkb7fmYF3Fo
Japanology Plus,3,38,Urban Workshops,"November 3, 2020",-3Sp-RpyOpo
Japanology Plus,3,39,Tokyo Rooftops,"November 10, 2020",zRgZCTJhcIA
Japanology Plus,3,40,Tokyo Stories #1: Josh Grisdale,"November 17, 2020",3TzpCgfxfaM
Japanology Plus,3,41,Tokyo Stories #2: Mateusz Urbanowicz,"November 24, 2020",EvoC04yJwHU
Japanology Plus,3,42,Japanophiles: Anna Bugaeva,"December 1, 2020",KBUsC8GNcCE
Japanology Plus,3,43,Mushrooms,"December 22, 2020",QZujODgOqCI
Japanology Plus,3,44,Kamishibai: Paper Theater,"December 29, 2020",lszNg1gh710
Japanology Plus,3,45,Moss,"January 12, 2021",Up5jKSreGrA
Japanology Plus,3,46,Libraries,"January 19, 2021",GxKE72Y20vE
Japanology Plus,3,47,Japanophiles: Sheila Cliffe,"January 26, 2021",seN8H8Xb7Ac
Japanology Plus,3,48,Ukiyo-e,"February 2, 2021",Ah6mUgAATvs
Japanology Plus,3,49,Japanophiles: Richard Halberstadt,"March 16, 2021",kn_vtPdrVeY
Japanology Plus,4,1,Cleaning Tools,"April 8, 2021",0MptiQzMHf0
Japanology Plus,4,2,Lacquerware,"April 22, 2021",8MFye9fiGp0
Japanology Plus,4,3,Suits,"May 6, 2021",jZhcxuFkHGA
Japanology Plus,4,4,Emergency Goods,"May 13, 2021",lqwMc5K9gf0
Japanology Plus,4,5,Japanophiles: Chad Mullane,"May 27, 2021",_uN9qLhv2jM
Japanology Plus,4,6,Furoshiki: Wrapping Cloths,"June 3, 2021",upDf1DUEL_M
Japanology Plus,4,7,"Japan vs. Epidemics, Part 2: Modern History","June 17, 2021",--ZKQT_1idU
Japanology Plus,4,8,Tiny Houses,"July 1, 2021",GugNoVWSdXY
Japanology Plus,4,9,Watches & Clocks,"July 8, 2021",ZwIcWj9VUqw
Japanology Plus,4,10,Plastic Food Samples,"July 15, 2021",15xrfrlwqwU
Japanology Plus,4,11,Japanophiles: Asa Ekstrom,"July 29, 2021",8O2jyjYVlHI
Japanology Plus,4,12,Cats and Japan,"August 5, 2021",NDPVwmPCNZ0
Japanology Plus,4,13,Personal Robots,"September 2, 2021",SM5RJqEBdcM
Japanology Plus,4,14,Scissors,"September 16, 2021",blM77gJJX0w
Japanology Plus,4,15,Japanophiles: Marty Friedman,"September 30, 2021",3HNirfWAry8
Japanology Plus,4,16,Luck,"October 7, 2021",8DBgygi_dMc
Japanology Plus,4,17,Tatami,"October 28, 2021",e839VGOpl-A
Japanology Plus,4,18,Chests & Cabinets,"November 11, 2021",sYrCcbGufCk
Japanology Plus,4,19,Japanophiles: Nicholas Rennick,"December 2, 2021",m2Ex339yvXk
Japanology Plus,4,20,Bamboo,"December 16, 2021",bIXwxcgAQlU
Japanology Plus,4,21,Ainu: A National Museum of Ainu Culture,"December 23, 2021",sGqcG2j2DWg
Japanology Plus,4,22,Ainu: A New Generation,"December 30, 2021",IMUgQ_mnOhU
Japanology Plus,4,23,Japanophiles: Tom Hovasse,"January 6, 2022",ki0HwKvlPGE
Japanology Plus,4,24,Kotatsu: Heated Tables,"January 13, 2022",cGS8BTYOhq0
Japanology Plus,4,25,VTubers,"January 20, 2022",vVb_g61iI0Q
Japanology Plus,4,26,Traditional Homes,"February 17, 2022",uoFbMXZ02pI
Japanology Plus,4,27,Jomon Period: The Sannai Maruyama Site,"March 10, 2022",1d2jmfid1ZM
Japanology Plus,4,28,Jomon Period: Dogu,"March 17, 2022",_VYGtYHFzZI
Japanology Plus,4,29,Japanophiles: Steve Tallon,"March 24, 2022",oCmtgqpn1Fc
Japanology Plus,5,1,Face Masks,"April 14, 2022",mMQth_IBOvs
Japanology Plus,5,2,Washi: Japanese Paper,"April 28, 2022",DsCP-TKQY1g
Japanology Plus,5,3,Name Stamps and Seals,"May 12, 2022",08IXWRiwETU
Japanology Plus,5,4,Showa Nostalgia,"May 19, 2022",77FuigGSn44
Japanology Plus,5,5,Japanophiles: Claudio Feliciani,"June 2, 2022",jrdVPKWJNR4
Japanology Plus,5,6,Keitora: Tiny Trucks,"June 16, 2022",ZtPZ-EyAyWY
Japanology Plus,5,7,Vinyl Records,"June 30, 2022",HTneKg_PaNU
Japanology Plus,5,8,Okinawa: The Ryukyu Kingdom,"July 14, 2022",Wz5xD3Fnzl4
Japanology Plus,5,9,Okinawa: The Reconstruction of Shuri Castle,"July 21, 2022",ScMuwurIv-E
Japanology Plus,5,10,Frozen Food,"July 28, 2022",h80KDt3iulU
Japanology Plus,5,11,Japanophiles: Gregory Khezrnejat,"August 11, 2022",qqiLujvAs3o
Japanology Plus,5,12,Goldfish,"August 25, 2022",Oi8Hgs8q0fI
Japanology Plus,5,13,Welfare Goods,"September 8, 2022",ADedWCPyd4Y
Japanology Plus,5,14,Water-related Disasters,"September 29, 2022",xKQQOOaHr-8
Japanology Plus,5,15,Japanophiles: Andrew Dewar,"October 13, 2022",ivHVRsVOnu4
Japanology Plus,5,16,The Moon,"October 20, 2022",CAYksO0tkt8
